{"cameraMode":{"drawMode":0,"name":"Shaded","section":"Shading Mode"},"sceneLighting":true,"audioPlay":false,"sceneViewState":{"m_AlwaysRefresh":false,"showFog":true,"showSkybox":true,"showFlares":true,"showImageEffects":true,"showParticleSystems":true,"showVisualEffectGraphs":true,"m_FxEnabled":true},"in2DMode":false,"pivot":{"x":7.674822807312012,"y":2.201751470565796,"z":-10.254695892333985},"rotation":{"x":0.08528807014226914,"y":-0.26136595010757449,"z":0.023191360756754876,"w":0.9611886739730835},"size":1.3403152227401734,"orthographic":true}